pregunta,categoria,opcion1,opcion2,opcion3,opcion4,opcion5,opcion6,opcion7,opcion8,correctas,explicacion
"Identifique entre las siguientes cuales son una de las Propiedades o características fundamentales que tiene un ""objeto""",Orientación a Objetos,Herencia,Estado,Agregacion,Identidad,Generalizacion,Comportamiento,,,2;4;6,"Correctas verificadas contra el PDF ""Apunte Burplero Final""."
"Actividad de la Ingeniería de requisitos que busca depurar en el borrador del documento los requisitos innecesarios, conflictivos e incompletos o inviables.",Ingeniería de Requisitos,Validacion,Verificacion,Analisis,Educcion,,,,,3,"Correctas verificadas contra el PDF ""Apunte Burplero Final""."
"Actividad de la Ingeniería de requisitos que tiene por objetivo razonar sobre los requisitos obtenidos en la etapa anterior, detectando y resolviendo posibles inconsistencias o conflictos, coordinando los requisitos relacionados entre sí.",Ingeniería de Requisitos,Documentacion,Educcion,Analisis,Especificacion,,,,,3,"Correctas verificadas contra el PDF ""Apunte Burplero Final""."
¿Cuándo NO será necesario hacer el modelo del negocio?,Proceso Unificado,El software por construir sera utilizado por una porcion importante de la organizacion,La organizacion ha enfrentado un reciente proceso de reingenieria de negocio,Los flujos de trabajo de la organizacion estan bien documentados,Existen flujos de trabajo completos dentro de la organizacion que no estan documentados,,,,,3,"Correctas verificadas contra el PDF ""Apunte Burplero Final""."
En la siguiente imagen,Modelado de Sistemas,Una Clase Interfaz,Un Caso de Uso del Negocio,Una Clase de Control,Una Clase Entridad,,,,,,"Correctas verificadas contra el PDF ""Apunte Burplero Final""."
El aspecto del estudio de Factibilidad que se encarga de analizar si los beneficios del sistema compensaran los costos es:,Gestión de Proyectos,Factibilidad economica,Factibilidad de Financiera,Factibilidad tecnica,Factibilidad operativa,,,,,1,"Correctas verificadas contra el PDF ""Apunte Burplero Final""."
"El aspecto del estudio de Factibilidad que trata de determinar que el sistema servirá a la organización, funcionara y será utilizado una vez implementado es la factibilidad:",Gestión de Proyectos,Tecnica,Operativa,Economica,Financiera,,,,,2,"Correctas verificadas contra el PDF ""Apunte Burplero Final""."
El sistema de información transaccional es el de mayor jerarquía en una organización,Sistemas de Información,Verdadero,Falso,,,,,,,2,"Correctas verificadas contra el PDF ""Apunte Burplero Final""."
Técnica que se puede utilizar con cualquier Stakeholder,Técnicas de Recolección de Datos,Prototipo,Usuario,Entrevista,Brainstorming,,,,,3,"Correctas verificadas contra el PDF ""Apunte Burplero Final""."
Cuál de las siguientes NO es una regla en la realización de brainstorming.,Técnicas de Recolección de Datos,Se debe generar un gran numero de ideas,Se debe alentar a los participantes a combinar o completar las ideas de otros participantes,Se evitan las ideas mas avanzadas y se impide a los participantes a generar nuevas ideas,Se prohibe la critica de ideas,,,,,3,"Correctas verificadas contra el PDF ""Apunte Burplero Final""."
"Cuando en la ERS todos los requisitos reflejan alguna necesidad real, entonces cumplen con el atributo:",Ingeniería de Requisitos,Correcta,Priorizada,No ambigua,Completa,,,,,1,"Correctas verificadas contra el PDF ""Apunte Burplero Final""."
"Dado el siguiente Diagrama de Casos de Uso. El actor A, qué casos de uso puede iniciar",Modelado de Sistemas,"Y,Z,X y W","Y,Z y X",Solo Y y X,"Y,Z y W",,,,,,"Correctas verificadas contra el PDF ""Apunte Burplero Final""."
Para definir cuanto y como modelar se debe considerar:,Modelado de Sistemas,"No es necesario evaluar o considerar nada, siempre se debe utilizar herramientas sofisticadas y modelar de manera precisa.","No es necesario evaluar o considerar nada, siempre se debe utilizar herramientas simples y modelar minimamente.",La envergadura y/o complejidad del producto o sistema a construir.,La cantidad de personas que conforman el equipo de trabajo.,La experiencia que tiene el jefe de proyecto.,La explotacion que se haga de los modelos.,,,3;6,"Correctas verificadas contra el PDF ""Apunte Burplero Final""."
"Si tiene que responder al primer llamado del gerente de una empresa que lo convoca como consultor para el desarrollo de un software, que tipo de técnica de recolección de datos usaría:",Técnicas de Recolección de Datos,"Entrevista estructurada, y le enviaria con anticipacion las preguntas","Trataria de investigar el objeto del negocio, sus actividades principales y la estructura de la empresa utilizando diversas fuentes como internet, revistas, etc.",Convocaria a los jefes de Area para la realizacion de un Brainstorming,"Entrevista No estructurada, las preguntas y los temas se los desarrollaran conforme la conversacion avance",Elaboraria un cuestionario y se lo enviaria por correo electronico para que lo complete,,,,2,"Correctas verificadas contra el PDF ""Apunte Burplero Final""."
"Dentro de la orientación a objetos, ¿qué termino expresa que los datos de un objeto solo pueden ser manipulados mediante los mensajes y métodos predefinidos en el mismo?",Orientación a Objetos,Reusabilidad,Encapsulamiento,Persistencia,Herencia,,,,,2,"Correctas verificadas contra el PDF ""Apunte Burplero Final""."
"De qué tipo es el siguiente requisito: ""El sistema deberá implementar las disposiciones de privacidad del paciente como se establece en HStan-03-2006-priv""",Ingeniería de Requisitos,No Funcional Organizacional,No Funcional del Producto,Funcional,No Funcional Externo,,,,,4,"Correctas verificadas contra el PDF ""Apunte Burplero Final""."
Cual de las siguientes consideraciones NO seria apropiada para caracterizar a un Actor del Negocio,Modelado de Sistemas,Siempre esta asociado con el nombre de un cargo en el organigrama,"Son roles (humanos, software o hardware), no personas con nombres propios.",Se encuentran dentro del ambiente del negocio o campo de accion,En el diagrama de Actividades se representan en calles,,,,,1,"Correctas verificadas contra el PDF ""Apunte Burplero Final""."
Identifique cuales de las siguientes opciones son ventajas de la Observación del ambiente de trabajo como técnica de recolección:,Técnicas de Recolección de Datos,Son un complemento util ya que algunas veces es dificil explicar claramente con palabras las tareas complejas,Los datos recabados basandose en la observacion pueden ser muy confiables ya que se puede ver exactamente lo que se esta haciendo,Aseguran que el trabajo que se este observando incluya el nivel de dificultad o todo el volumen normal,"Posibilita que la persona se sienta comoda cuando esta siendo vigilada, y entonces se comporta de las misma manera que cuando no esta siendo observada",Dan la seguridad que las tareas siempre seran desempeñadas en la manera en que las observa el analista de sistemas,,,,1;2,"Correctas verificadas contra el PDF ""Apunte Burplero Final""."
En el Proceso Unificado de Desarrollo de Software:,Proceso Unificado,"La dimension temporal del proceso se expresa en terminos de actividades, productos intermedios, perfiles de trabajo o roles y flujos de trabajo","La dimension temporal del proceso se expresa en terminos de ciclos, fases, iteraciones e hitos","La dimension estatica del proceso se expresa en terminos de ciclos, fases, iteraciones e hitos","En la dimension estatica, cada ciclo se compone de cuatro fases secuenciales (inicio, elaboracion, construccion y transicion)",,,,,2,"Correctas verificadas contra el PDF ""Apunte Burplero Final""."
Cuál de la actividad de la Ingeniería de Requisitos que requiere activa participación de Cliente y Usuarios; y además tiene por objetivo asegurar la calidad de los mismos es:,Ingeniería de Requisitos,Validacion,Educcion,Analisis,Verificacion,,,,,1,"Correctas verificadas contra el PDF ""Apunte Burplero Final""."
Qué objetivos perseguimos cuando a partir de la realidad construimos un MODELO DEL SISTEMA EXISTENTE?,Modelado de Sistemas,Utilizarlo durante la ingenieria de requisitos ya que conducen a los requisitos para el nuevo sistema.,Discutir las propuestas de diseño y documentar el sistema para la implementacion,Utilizarlo como base para discutir sus fortalezas y debilidades,Entenderlo y aclarar lo que hace el sistema existente,Explicar los requisitos propuestos a otros participantes del sistema.,,,,1;3,"Correctas verificadas contra el PDF ""Apunte Burplero Final""."
Las actividades de XP son:,Metodologías Ágiles,"Codificar, simpleza, escuchar y respeto","Comunicacion, simpleza, retroalimentacion y valentia","Codificar, probar, escuchar y diseñar","Comunicacion, diseñar, escuchar y probar",,,,,3,"Correctas verificadas contra el PDF ""Apunte Burplero Final""."
Los métodos ágiles son más efectivos cuando:,Metodologías Ágiles,El equipo de desarrollo esta altamente calificado y motivado y esta distribuido geograficamente,"El proyecto es innovador, el cliente esta disponible e involucrado y el equipo esta altamente calificado y motivado",El proyecto es innovador y se tiene un equipo recien formado con niveles de habilidad muy limitadas,"El proyecto es innovador, el cliente solo puede tener una limitada participacion y el equipo esta altamente calificado y motivado",,,,,2,"Correctas verificadas contra el PDF ""Apunte Burplero Final""."
"En el análisis del Proceso Unificado, con referencia a las Clases de Análisis, cuál de las siguientes afirmaciones es verdadera:",Proceso Unificado,Una clase entidad no puede aparecer en varias realizaciones de Caso de Uso,"Cada clase de interfaz deberia asociarse con al menos un actor, y viceversa",Se debe identificar solo una clase Control de control por cada escenario del Caso de Uso,Se debe identificar solo una clse de Control por cada actor,,,,,2,"Correctas verificadas contra el PDF ""Apunte Burplero Final""."
Identifique cuál de las siguientes afirmaciones corresponde a la definición de un proyecto de software exitoso,Gestión de Proyectos,Proyectos en los que el producto cumple con los requisitos esperados,"Proyectos concluidos con retraso, por encima del presupuesto y/o con menos de los requisitos esperados.",Son proyectos que se cancelaron o se finalizaron pero el producto nunca se uso,"Proyectos que terminaron en tiempo, presupuesto y cumplieron con los requisitos teniendo en cuenta aspectos como la calidad y la satisfaccion del cliente",,,,,4,"Correctas verificadas contra el PDF ""Apunte Burplero Final""."
Que es una Historia de Usuario?,Metodologías Ágiles,"Una breve descripcion de ""hecho"", que pruebas se llevaron a cabo para poder decir que se ha completado con exito.",Una descripcion priorizada de todo lo que tiene que hacer el software,Un post-it que se utiliza para escribir la especificacion de requisitos,"Una descripcion breve, de una funcionalidad del software tal y como la percibe el usuario",,,,,4,"Correctas verificadas contra el PDF ""Apunte Burplero Final""."
"En el proceso de Resolución de Problemas, el paso Proponer soluciones alternativas va después de",Gestión de Proyectos,Conocimiento de las causas del problema,Determinar el problema y sus asociadoss,Definir claramente el problema,Evaluar y seleccionar soluciones,,,,,1,"Correctas verificadas contra el PDF ""Apunte Burplero Final""."
Según Scrum para cualquier sprint en curso ¿Cuándo se puede añadir nuevas Historias de Usuario?,Metodologías Ágiles,Nuevas Historias de Usuario nunca pueden ser añadidos al Sprint,Cuando el Scrum Master agrega Historias de Usuario al Sprint Backlog,Cuando el Product Owner aprueba la Historia de Usuario,Cuando el equipo Scrum aprueba la Historia de Usuario,,,,,1,"Correctas verificadas contra el PDF ""Apunte Burplero Final""."
Cual de las características enunciadas a continuación corresponden a una Metodología,Gestión de Proyectos,Siempre utilizan como notacion UML,En un proyecto de desarrollo de Software implican la posibilidad de sufrir una perdida,La aplicacion de la misma siempre implica mayor burocracia lo que conlleva a la finalizacion fuera de la fecha establecida,"En un proyecto de desarrollo de Software define Quien debe hacer, Que, Cuando y Como debe hacerlo","No existe una metodologia para el desarrollo de software unirversal, se la debe seleccionar y adaptar a cada proyecto en particular",,,,4;5,"Correctas verificadas contra el PDF ""Apunte Burplero Final""."
Cuál de los siguientes NO es un objetivo de procesos que puede tener un proyecto de sistema,Gestión de Proyectos,Mejora del servicio al cliente,Aceleracion de un proceso,Optimizacion de un proceso al eliminar pasos innecesarios o duplicados,Reduccion de almacenamiento redundante,,,,,1,"Correctas verificadas contra el PDF ""Apunte Burplero Final""."
Las variables que condicionan un proyecto son:,Gestión de Proyectos,"Alcance, tiempo, costo (Recursos) y calidad",Ninguna,"Alcance, tiempo, programas y calidad","Alcance, tiempo, consto (recursos) y cantidad",,,,,1,"Correctas verificadas contra el PDF ""Apunte Burplero Final""."
Identificar el concepto que corresponde a cada definicion,Conceptos Generales,Ingenieria de Software,Objetivo,Sinergia,Ingeniero de Sistemas,Ciencia,Ingenieria,Ingenieria de Sistemas,"Comprende todos los aspectos de la produccion del software de calidad, desde las etapas iniciales de la especificacion del sistema hasta el mantenimiento de este despues de que se utiliza.",1=7;2=8;3=9;4=10;5=11;6=12,"Correctas verificadas contra el PDF ""Apunte Burplero Final""."
La técnica de Gherkin se aconseja utilizar para:,Metodologías Ágiles,Escribir los criterios de aceptacion en una Historia de Usuario,Escribir en el anverso de la Historia de Usuario como descripcion de la misma,Utilizar para conducir la conversacion que se debe llevar a cabo,Estimar los puntos de Historias de Usuario,,,,,1,"Correctas verificadas contra el PDF ""Apunte Burplero Final""."
Si al software le agregamos nuevas funcionalidades no contempladas en la implementación hacemos:,Mantenimiento de Software,Mantenimiento preventivo,Mantenimiento adaptativo,Mantenimiento correctivo,Mantenimiento perfectivo,,,,,4,"Correctas verificadas contra el PDF ""Apunte Burplero Final""."
Un Diagrama de Colaboración representa a:,Modelado de Sistemas,Un solo escenario del caso de uso,"Al igual que el diagrama de estados, muestra todos los caminos posibles (basicos y alternativos) de un caso de uso",Todos los actores y casos de uso,La interaccion de un caso de uso de forma completa,,,,,1,"Correctas verificadas contra el PDF ""Apunte Burplero Final""."
La creación de confianza y la observación del lugar de trabajo es uno de los objetivos de la técnica,Técnicas de Recolección de Datos,Entrevista,Cuestionario,Cliente,Observacion,,,,,1,"Correctas verificadas contra el PDF ""Apunte Burplero Final""."
"De acuerdo al Proceso Unificado, de los siguientes ¿Cuales son flujo de trabajo de soporte?",Proceso Unificado,Identificar las HU a incluir en el Sprint,Gestion de la configuracion,Despliegue,Construccion,Entorno de desarrollo,Pruebas,,,2;5,"Correctas verificadas contra el PDF ""Apunte Burplero Final""."
La Especificación de Requisitos es Correcta:,Ingeniería de Requisitos,Si y solo si todo requisito formulado en ella debe ser satisfecho por el software,"Si no existe conflictos de comportamiento, terminos o caracteristicas.",Si y solo si incluye todo lo que se supone el software debe hacer,Si tiene una organizacion coherente y es facil de usar,,,,,1,"Correctas verificadas contra el PDF ""Apunte Burplero Final""."
Cual de los siguientes Artefactos son responsabilidad del Analista en el Proceso Unificado?,Proceso Unificado,Modelo de Casos de Uso,Descripcion de la arquitectura,Glosario de Terminos,Realizacion de Casos de Uso,Paquetes de Analisis,,,,1;3,"Correctas verificadas contra el PDF ""Apunte Burplero Final""."
"Cuando al prescindir de un requisito, provoca una deficiencia en el sistema a construir. Se refiere a la característica:",Ingeniería de Requisitos,Necesario,Verificable,Correcto,No ambiguo,,,,,1,"Correctas verificadas contra el PDF ""Apunte Burplero Final""."
La técnica que posibilita evaluar lo que es dicho y como es dicho es,Técnicas de Recolección de Datos,Observacion,Entrevista,Cliente,Cuestionario,,,,,2,"Correctas verificadas contra el PDF ""Apunte Burplero Final""."
Los aspectos que se deben analizar en el estudio de Factibilidad son:,Gestión de Proyectos,"Tecnica, Optativa, Economica, Financiera, De programa (temporal) y Legal","Tecnica, Operativa, Ergonomica, Financiera y Tecnologia","Tecnica, alcance, tiempo, recursos y calidad","Tecnica, Operativa, Economica, Financiera, De Programa (temporal) y Legal.",,,,,4,"Correctas verificadas contra el PDF ""Apunte Burplero Final""."
Las fases del proceso unificado de desarrollo son:,Proceso Unificado,"Investigacion, Desarrollo, Prueba, Implementacion","Requisitos, Analisis, Diseño, Implementacion y Prueba","Inicio, Investigacion, Construccion, Prueba","Inicio, Elaboracion, Construccion, Transicion",,,,,4,"Correctas verificadas contra el PDF ""Apunte Burplero Final""."
Los Pilares del Control Empírico de procesos que utilizan las Propuestas Ágiles son:,Metodologías Ágiles,"Alcance, tiempo y recursos","Visibilidad, inspeccion y adaptacion","Vulnerabilidad, inspeccion y adaptacion","Alcance, tiempo, recursos y calidad",,,,,2,"Correctas verificadas contra el PDF ""Apunte Burplero Final""."
"El éxito de una entrevista depende, principalmente, de:",Técnicas de Recolección de Datos,La habilidad del entrevistador y de su preparacion para la misma,La secuencia en la que se formulen las preguntas,La disposicion de mucho tiempo para llevarla a cabo,La utilizacion de un buen lenguaje tecnico,,,,,1,"Correctas verificadas contra el PDF ""Apunte Burplero Final""."
Cual de los siguientes NO es una propiedad del modelo orientado a objeto?,Orientación a Objetos,Abstraccion,Encapsulamiento,Independencia,Herencia,,,,,3,"Correctas verificadas contra el PDF ""Apunte Burplero Final""."
En el análisis del proceso unificado las clases entidad:,Proceso Unificado,Modelan la interaccion entre el actor y el sistema a desarrollar,Modelan exclusivamente la interaccion del usuario y el sistema a desarrollar,Representa la logica de negocio asociada a la clase de control,Representa la informacion de larga vida en el sistema,,,,,4,"Correctas verificadas contra el PDF ""Apunte Burplero Final""."
El desarrollo de los requisitos es un proceso de:,Ingeniería de Requisitos,Recoleccion y documentacion de informacion que nos brindan los usuarios,Mostrar a los usuarios como trabajar mejor,Recoleccion de informacion que nos brindan los clientes y usuarios,"Descubrimiento e invencion, para determinar las necesidades de clientes y usuarios",,,,,4,"Correctas verificadas contra el PDF ""Apunte Burplero Final""."
En Scrum la pregunta ¿Qué deberíamos mejorar? Corresponde a la reunión:,Metodologías Ágiles,de Planificacion,Revision,Diaria,Retrospectiva,,,,,4,"Correctas verificadas contra el PDF ""Apunte Burplero Final""."
Se denomina riesgo del proyecto a todo:,Gestión de Proyectos,Acontecimiento que pueda ocurrir y que si se convierte en realidad provocara un impacto negativo.,Evento futuro que se producira durante el proyecto y que impactara en su resultado,Evento posible del futuro del proyecto,Lo que afecta negativamente en el resultado del proyecto,,,,,1,"Correctas verificadas contra el PDF ""Apunte Burplero Final""."
"Cuando ya se tiene establecida la línea base de requisitos y surgen cambios en los mismos, lo que es muy habitual en la mayoría de los proyectos. ¿Qué se debería hacer?",Ingeniería de Requisitos,No aceptarlo y apoyarse en los contratos,Aceptarlo y motivar al equipo pra cumplirlo sin alterar las condiciones del contrato,Someter el pedido a un proceso de control de cambios,Negarse debido a que no resulta conveniente modificar la linea base,,,,,3,"Correctas verificadas contra el PDF ""Apunte Burplero Final""."
Cual de los siguientes son Objetivos de la fase de Inicio del Proceso Unificado?,Proceso Unificado,"Establecer al menos una solucion potencial, identificando una arquitectura candidata",Elaborar el plan detallado para cada iteracion de la fase de construccion,Obtener una comprension detallada de los requisitos especificando la mayoria de los Casos de Uso,Identificar los riesgos criticos y elaborar un plan para mitiarlos,Determinar la Viabilidad del Proyecto,,,,1;4;5,"Correctas verificadas contra el PDF ""Apunte Burplero Final""."
El mantenimiento que muestra un síntoma negativo para un sistema es el:,Mantenimiento de Software,Mantenimiento adaptativo,Mantenimiento perfectivo,Mantenimiento preventivo,Mantenimiento correctivo,,,,,4,"Correctas verificadas contra el PDF ""Apunte Burplero Final""."
Cuales de las siguientes NO son ventajas de utilizar preguntas abiertas en una entrevista:,Técnicas de Recolección de Datos,Aseguran una mejor utilizacion del tiempo permitiendo entrevistas mas cortas,Revelan nuevas lineas de preguntas que pudieron haber pasado desapercibidas,Permiten mas espontaneidad,Facilita mantener el control durante la entrevista,Hacen mas interesante la entrevista para el entrevistado,,,,1;4,"Correctas verificadas contra el PDF ""Apunte Burplero Final""."
"En el Proceso Unificado, la viabilidad del proyecto se la debe determinar en:",Proceso Unificado,La fase de inicio,La fase de elaboracion,La disciplina de inicio,La disciplina captura de requisitos,,,,,1,"Correctas verificadas contra el PDF ""Apunte Burplero Final""."
Dado el siguiente diagrama. La relación E representa:,Modelado de Sistemas,Generalizacion,Asociacion,<<include>>,<<extend>>,,,,,,"Correctas verificadas contra el PDF ""Apunte Burplero Final""."
El Sprint Backlog esta compuesto de:,Metodologías Ágiles,Historias de Usuario,Epics,Temas o Items,Tareas,,,,,4,"Correctas verificadas contra el PDF ""Apunte Burplero Final""."
"Es uno de los procesos cognitivos implicado en la modelización, por el cual se extrae lo fundamental, se centra en algunos aspectos o cualidades y aislá o deja de lado otros con el objeto de crear los modelos que son una representación formalizada y subjetiva de la realidad",Modelado de Sistemas,Concentracion,Abstraccion,Conceptualizacion,Sincronizacion,,,,,2,"Correctas verificadas contra el PDF ""Apunte Burplero Final""."
El resultado del estudio de viabilidad es:,Gestión de Proyectos,La planificacion detallada del proyecto,La estimacion exacta del costo - beneficio del proyecto,Un informe que recomiende si merece o no la pea seguir con la igenieria de requerimientos y el proceso de desarrollo del Sistema,El documento con el analisis detallado de los requerimientos del cliente,,,,,3,"Correctas verificadas contra el PDF ""Apunte Burplero Final""."
El contexto del sistema está formado por todo elemento que queda fuera del límite de este,Sistemas de Información,Verdadero,Falso,,,,,,,1,"Correctas verificadas contra el PDF ""Apunte Burplero Final""."
La gráfica Burndown del Sprint es una herramienta utilizada por los equipos para:,Metodologías Ágiles,Calcular la cantidad restante del presupuesto del equipo,Medir el trabajo que falta completar durante un sprint,Medir el trabajo realizado durante un sprint,Identificar a los miembros del equipo de bajo rendimiento,,,,,2,"Correctas verificadas contra el PDF ""Apunte Burplero Final""."
"Cuando se detecta el grado en que el riesgo pueda afectar negativamente al proyecto, entonces se habla de:",Gestión de Proyectos,Impacto,Probabilidad,Estrategia,Factibilidad,,,,,1,"Correctas verificadas contra el PDF ""Apunte Burplero Final""."
"En el Proceso Unificado, cuales de las siguientes actividades pertenecen al flujo de trabajo o disciplina Análisis:",Proceso Unificado,Encontrar Actores y Casos de Uso,Analizar un Paquete,Analizar la Interfaz de Usuario,Analizar la Estructura del modelo de casos de uso,Analizar una Clase,Analizar un caso de uso,,,2;5;6,"Correctas verificadas contra el PDF ""Apunte Burplero Final""."
Las tecnologías de la información y las comunicaciones pueden influenciar en la estrategia del negocio,Sistemas de Información,Verdadero,Falso,,,,,,,1,"Correctas verificadas contra el PDF ""Apunte Burplero Final""."
En el proceso de modelado se emplean procesos cognitivos de:,Modelado de Sistemas,"Actualizacion, Conceptualizacion y Simbolizacion","Actualizacion, Concentracion y Simbolizacion","Abstraccion, Conceptualizacion y Simbolizacion","Abstraccion, Conceptualizacion y Sincronizacion",,,,,3,"Correctas verificadas contra el PDF ""Apunte Burplero Final""."
Casos de Uso. Relacione las siguientes afirmaciones con sus correspondientes conceptos. Un mismo concepto se puede aplicar a varias afirmaciones.,Modelado de Sistemas,Postcondicion,Escenario,Actor Primario,Caso de Uso,Modelo de CU,Usuario,Condiciones que describen en que situacion debe quedar el sistema y su entorno una vez que el caso de uso haya finalizado con exito,"Instancia de un caso de uso, es una secuencia especifica de acciones que ilustra un recorrido especifico y detallado",1=7;2=8;3=9;4=10;5=11;6=12,"Correctas verificadas contra el PDF ""Apunte Burplero Final""."
Cual de las siguientes características NO corresponde a una de las que cualifica a las propuestas ágiles:,Metodologías Ágiles,El cliente forma parte del proceso de desarrollo,"No existe un contrato tradicional, o al menos es bastante flexible",Esta especialmente preparada para cambios en el proyecto,El cliente interactua con el equipo de desarrollo mediante reuniones poco frecuentes y muy formales,,,,,4,"Correctas verificadas contra el PDF ""Apunte Burplero Final""."
"Identifique, entre los siguientes, cuales son los tipos de mantenimiento de software vistos en la materia",Mantenimiento de Software,Mantenimiento Correctivo,Mantenimiento Negativo,Mantenimiento Preceptivo,Mantenimiento Adictivo,Mantenimiento Perfectivo,Mantenimiento Preventivo,Mantenimiento Positivo,Mantenimiento Adaptativo,1;5;6;8,"Correctas verificadas contra el PDF ""Apunte Burplero Final""."
Un Caso de Uso:,Modelado de Sistemas,Muestra como el sistema internamente llevara a cabo cierta funcionalidad que es de valor para el actor,Representa un escenario posible cuando el actor utiliza el sistema con un objetivo,Esta asociado a uno o varios requisitos funcionales,Siempre esta asociado a un unico requisito funcional,,,,,3,"Correctas verificadas contra el PDF ""Apunte Burplero Final""."
Para visualizar los conceptos significativos para el dominio del problema y como se relacionan se utiliza:,Modelado de Sistemas,Modelo de Casos de Uso,Modelo Conceptual,Diagrama de Actividades,Diagrama de Casos de Uso del Negocio,,,,,2,"Correctas verificadas contra el PDF ""Apunte Burplero Final""."
"En el Proceso Unificado, en todas las iteraciones se dedica aproximadamente el mismo esfuerzo a los distintos flujos de trabajo:",Proceso Unificado,Verdadero,Falso,,,,,,,2,"Correctas verificadas contra el PDF ""Apunte Burplero Final""."
Cuáles de las siguientes afirmaciones son correctas sobre el ciclo de vida en el Proceso Unificado?,Proceso Unificado,Es la primer propuesta metodologica agil,Es un marco generico que puede especializarse de acuerdo al proyecto particular,Es la mejor propuesta metodologica para cualquier tipo de proyeto,"Propone iteraciones controladas, lo que reduce el costo del riesgo a un solo incremento",Es un estandar para el desarrollo de software de calidad,La vida de un sistema se repite a lo largo de una serie de ciclos donde cada ciclo concluye con una version del producto,,,2;4;5;6,"Correctas verificadas contra el PDF ""Apunte Burplero Final""."
La lista ordenada de todo lo que podría ser necesario en el producto y que es la única fuente de requisitos se denomina:,Metodologías Ágiles,Product Backlog,Sprint Backlog,Product Owner,Tablon de Tareas,,,,,1,"Correctas verificadas contra el PDF ""Apunte Burplero Final""."
En Orientación a Objetos ¿Cómo se denomina la clase que no tiene instancias?,Orientación a Objetos,Huerfana,No existen clases sin instancias,Invisible,Abstracta,,,,,4,"Correctas verificadas contra el PDF ""Apunte Burplero Final""."
Las características de las buenas herramientas de modelado de sistemas es que debe:,Modelado de Sistemas,Ser grafica con el mismo nivel de detalle,Ser grafica con detalles textuales de apoyo,Ser Orientada a Objetos,Ser transparente para quien lo utilice,Tener redundancia minima,Ser representado en su totalidad en una sola hoja,Permitir que el sistema sea visto en segmentos en forma descendente,,2;4;5;7,"Correctas verificadas contra el PDF ""Apunte Burplero Final""."
Cuales de las siguientes alternativas reflejan alguna de las características propias de un Sistema de Soporte a las Decisiones?,Sistemas de Información,"Son sistemas de informacion interactivos y amigables, con altos estandares de diseño grafico y visual","Son faciles de justificar ante la direccion general, ya que sus beneficios son visibles y cuantificables en el corto plazo","Suelen ser intensivos en calculos y escasos en entradas y salidas de informacion, la cual toman de los sistemas transaccionales",Son facilmente adaptables a paquetes de aplicacion que se encuentran en el mercado,Son el primer tipo de sistemas de informacion que se implanta en las organizaciones,"Apoyan el proceso de innovacion de productos y procesos dentro de la empresa, debido a que buscan ventajas respecto de los",,,1;3,"Correctas verificadas contra el PDF ""Apunte Burplero Final""."
Un Diagrama de Actividad solo puede tener una única actividad final,Modelado de Sistemas,Verdadero,Falso,,,,,,,2,"Correctas verificadas contra el PDF ""Apunte Burplero Final""."
Las Entrevistas según su objetivo se clasifican en,Técnicas de Recolección de Datos,"Iniciales, de Reconocimiento y de seguridad","Iniciales, Estructuradas y No Estructuradas","Iniciales, de Seguimiento y No Estructuradas","Iniciales, de Recoleccion de datos y de seguimiento",,,,,4,"Correctas verificadas contra el PDF ""Apunte Burplero Final""."
Un paquete de análisis puede estar compuesto por otros paquetes de análisis,Proceso Unificado,Verdadero,Falso,,,,,,,1,"Correctas verificadas contra el PDF ""Apunte Burplero Final""."
"El describir siempre un contexto, un evento y la respuesta o consecuencia esperada se utiliza para:",Metodologías Ágiles,Escribir los criterios de aceptacion,La conversion de la Historia de Usuario que se mantiene con el Scrum Master,"La descripcion breve, de una funcionalidad del software tal y como la percibe el usuario",El post-it de la Historia de Usuario que se utiliza como la especificacion de requisitos,,,,,1,"Correctas verificadas contra el PDF ""Apunte Burplero Final""."
"En el Proceso Unificado, la viabilidad del proyecto se la debe determinar en:",Proceso Unificado,La fase de inicio,La disciplina captura de requisitos,La disciplina inicio,La fase elaboracion,,,,,1,"Correctas verificadas contra el PDF ""Apunte Burplero Final""."
"Cuando se inicia un Proyecto de Sistema, lo primero que se debe identificar son los:",Gestión de Proyectos,Requisitos Funcionales,Requerimientos del Usuario,Requerimientos del Negocio,Requisitos del Software,,,,,3,"Correctas verificadas contra el PDF ""Apunte Burplero Final""."
Cuales de las siguientes afirmaciones sobre las Tecnologías de la Información y las Comunicaciones son correctas:,Sistemas de Información,Pueden influenciar en la determinacion de la estrategia del negocio,La inversion en ellas debe estar en funcion a la utilizacion y aprovechamiento que se dara a las mismas,Siempre debemos utilizar tecnologias de punta (la ultima que salio al mercado) y adaptar las organizaciones y sistemas de informacion a ellas,"Son inocuas, pueden introducirse sin cambiar, se sigue haciendo lo mismo que antes y de la misma manera, solo que utilizando una tecnologia diferente",Son independientes a las estrategias,,,,1;2,"Correctas verificadas contra el PDF ""Apunte Burplero Final""."
Ciencia e Ingeniería se han desarrollado en forma paralela y complementaria. Identifique cuál o cuáles las siguientes afirmaciones son correctas:,Conceptos Generales,El objetivo de la ciencia es resolver problemas por la aplicacion de teorias,"La finalidad de la ingenieria es la busqueda de conocimiento, a fin de entender de una forma logica y racional el entorno",El ingeniero busca conocer. Aplicar sus conocimientos para incrementar ese mismo conocimiento,"La ingenieria se basa en el ""hacer"", aplicar el conocimiento para resolver problemas del mundo real","La ciencia se basa en ""saber"", implica la busqueda del conocimiento para explicar los hechos que ocurren en nuestro mundo","La ingenieria es la aplicacion de diferentes conocimientos para de ese modo poder satisfacer distintas necesidades del ser humano, es la aplicacion del conocimiento",,,4;5;6,"Correctas verificadas contra el PDF ""Apunte Burplero Final""."
"Cuando se está haciendo un estudio preliminar y se desea medir la opinión general de muchas personas antes de que se determine el rumbo que tomara el proyecto de sistemas, es aconsejable la técnica:",Técnicas de Recolección de Datos,Entrevista,Brainstorming,Observacion,Cuestionario,,,,,4,"Correctas verificadas contra el PDF ""Apunte Burplero Final""."
Cuando se tiene un conjunto de requisitos que no es perfecto pero que es lo suficientemente bueno para permitir que el equipo continúe con la construcción con un nivel aceptable de riesgo dentro de las limitaciones conocidas del proyecto se debe:,Ingeniería de Requisitos,Hacer el analisis y la negociacion de requisitos,Establecer la linea base de los requisitos,Hacer el documento de vision y alcance,Hacer el estudio de viabilidad del proyecto,,,,,1,"Correctas verificadas contra el PDF ""Apunte Burplero Final""."
"Fase en la que se realiza si es necesario la conversión de datos, entrenamiento de usuarios, corrección de defectos de la versión beta y ayuda en línea.",Proceso Unificado,Elaboracion,Inicio,Construccion,Transicion,,,,,4,"Correctas verificadas contra el PDF ""Apunte Burplero Final""."
Cuando la entrevista comienza con preguntas generales y abiertas y luego se van focalizando utilizando preguntas cerradas es,Técnicas de Recolección de Datos,No Estructurada,Con Estructura de Embudo,Con Estructura de Piramide,Con Estructura de Rombo,,,,,2,"Correctas verificadas contra el PDF ""Apunte Burplero Final""."
Cual de las siguientes NO es una ventaja de utilizar preguntas abiertas en una entrevista:,Técnicas de Recolección de Datos,Permiten mas espontaneidad,Hacen mas interesante las entrevistas para el entrevistado,Facilita mantener el control durante la entrevista,Revelan nuevas lineas de preguntas que pudieron haber pasado desapercibidas,,,,,4,"Correctas verificadas contra el PDF ""Apunte Burplero Final""."
Cual de las siguientes consideraciones NO es apropiada para caracterizar al estudio de Viabilidad:,Gestión de Proyectos,Un compromiso por parte de los directivos de la organizacion en esta etapa tan solo significa que se realizara un estudio de sistema,Es util para desechar los proyectos que se cotraponen con los objetivos de la organizacion,"Aunque es muy laborioso, vale la pena y al final ahorra a las empresas y a los analistas de sistemas una considerable cantidad de tiempo y dinero",Es una decision a cargo del analista de sistema sobre si resulta conveniente seguir con el proyecto,,,,,1,"Correctas verificadas contra el PDF ""Apunte Burplero Final""."
En el nivel superior de la Organización se necesita un gran volumen de información y que sea detallada.,Sistemas de Información,Verdadero,Falso,,,,,,,2,"Correctas verificadas contra el PDF ""Apunte Burplero Final""."
Los proyectos de sistema inician:,Gestión de Proyectos,Cuando la organizacion tiene dinero disponible para invertir en tecnologia,Solo cuando la organizacion quiere resolver un problema,Cuando la organizacion tiene un problema a resolver o una oportunidad de mejorar,Siempre para resolver un problema que tiene la organizacion,,,,,3,"Correctas verificadas contra el PDF ""Apunte Burplero Final""."
"De qué tipo es el siguiente requisito: ""El MHC-PMS estará disponible para todas las clínicas durante las horas normales de trabajo (lunes a viernes, 08:30 - 17:30). El tiempo de inactividad dentro de las horas normales de trabajo no excederá de cinco segundos en el día""",Ingeniería de Requisitos,No Funcional Organizacional,No Funcional Externo,Funcional,No Funcional del Producto,,,,,4,"Correctas verificadas contra el PDF ""Apunte Burplero Final""."
En el manifiesto ágil se valora más una serie de cosas frente a otras. Cuál de las siguientes afirmaciones es correcta:,Metodologías Ágiles,Hay que potenciar la colaboracion con el cliente frente a la negociacion de contratos precisos,Hay que potenciar la colaboracion con el cliente frente a la documentacion exhaustiva,Si se plantean cambios con posterioridad a la planificacion hay que ajustarse el plan,Se valoran los procesos y las herramientas por encima de los individuos y las interacciones,,,,,1,"Correctas verificadas contra el PDF ""Apunte Burplero Final""."
Cuales de las siguientes actividades enunciadas son responsabilidad del Product Owner,Metodologías Ágiles,"Gestionar el Product Backlog en su totalidad, ordenando y priorizando conforme al valor para el negocio",Asegurarse que el equipo de trabajo funcione correctamente,Crear conciencia sobre las practicas de Scrum entre los miembros del equipo Scrum,Gestionar el progreso del trabajo durante el Sprint,"Estar accesible, y disponible, para explicar al equipo tecnico dudas funcionales, para validar entregas y participar en reuniones",Asegurarse que las Reuniones Diarias (Daily) se lleven a cabo de manera oportuna y estructurada,,,1;5,"Correctas verificadas contra el PDF ""Apunte Burplero Final""."
Principios básicos de XP son:,Metodologías Ágiles,"El cliente en el sitio, Comunicacion, Estandar de codificacion y Codificacion simple","El cliente en el sitio, Programacion en parejas, Estandar de codificacion y Diseño simple","Comunicacion, simpleza, retroalimentacion, valentia y respeto","Dueño del producto, comunicacion, retrospectiva y diseño simple",,,,,2,"La respuesta correcta es El cliente en el sitio, Programacion en parejas, Estandar de codificacion y Diseño simple. De acuerdo con el material de evaluación incluido en las fuentes, esta es la combinación de elementos considerada como la respuesta correcta a tu pregunta. Para comprender por qué esta es la opción válida según la teoría, es importante distinguir cómo la Programación Extrema (XP) clasifica sus conceptos: ● Prácticas o ""Principios"" operativos: La metodología XP se basa en 12 prácticas fundamentales que dictan cómo se debe trabajar. Las mencionadas en la respuesta correcta pertenecen a estas prácticas: tener al cliente en el sitio (On site Customer), utilizar la programación en parejas (Pair Programming), establecer un estándar de codificación y aplicar un diseño simple. ● Valores de XP: La opción que indica ""Comunicación, simpleza, retroalimentación, valentía y respeto"" es incorrecta para este enunciado en particular porque esos no se catalogan como principios o prácticas, sino explícitamente como los cinco valores fundamentales sobre los cuales se sostiene el comportamiento del equipo XP. ● Elementos de otras metodologías: La opción que menciona ""Dueño del producto, retrospectiva..."" es incorrecta porque esos son roles y reuniones que pertenecen específicamente a la metodología Scrum, no a XP. Y la opción restante es incorrecta porque emplea el término inventado ""Codificación simple"" en lugar de la práctica real que es el ""Diseño simple""."
Cual de las siguientes NO son reglas en la realización de brainstorming,Técnicas de Recolección de Datos,Se debe generar un gran numero de ideas,Todos los participantes deben pertenecer a un unico departamento,Se evitan las ideas mas avanzadas y se impide a los participantes a generar nuevas ideas,Se prohibe la critica de ideas,Se debe alentar a los participantes a combinar o completar las ideas de otros participantes,,,,2;3,"La respuesta correcta es Se evitan las ideas mas avanzadas y se impide a los participantes a generar nuevas ideas. De acuerdo con las fuentes, esta afirmación es exactamente lo opuesto a las reglas reales del brainstorming (o lluvia de ideas). La teoría establece explícitamente que, durante la fase de generación, ""se fomentan las ideas más avanzadas y se estimula a los participantes a generar nuevas ideas"", dejando que la imaginación vuele sin ningún tipo de autocensura. Las demás opciones presentadas en tu consulta son incorrectas para este enunciado porque SÍ corresponden a reglas fundamentales para asegurar una tormenta de ideas efectiva: ● Se debe generar un gran número de ideas: La meta principal en esta fase es priorizar la cantidad (amplitud) de ideas por sobre el análisis de su calidad inmediata. ● Se prohíbe la crítica de ideas: Mientras se generan las propuestas, no se permite ninguna crítica, evaluación, juicio o debate, ya que esto inhibe la creatividad y frena la participación. ● Se debe alentar a los participantes a combinar o completar las ideas de otros participantes: Se busca refinar, combinar y amplificar (o hacer ""piggyback"") sobre las ideas ya generadas, utilizándolas como semilla para originar nuevas alternativas conjuntas."
"Sobre el Scrum Team, cuál es la afirmación falsa",Metodologías Ágiles,Cada miembro del equipo tiene que tener un rol especifico y no puede asumir tareas que no eten dentro de su area de especializacion,"Los miembros del equipo deben tener un perfil en T (manejo en una serie amplia de areas, con conocimientos en profundidad en unas pocas)",Cada miembro del equipo puede asumir cualquier tipo de tarea,Cada miembro del equipo puede tener un conocimiento mas amplio sobre un area especifica,,,,,1,"La respuesta correcta (la afirmación falsa) es Cada miembro del equipo tiene que tener un rol especifico y no puede asumir tareas que no eten dentro de su area de especializacion. De acuerdo con las fuentes, en Scrum el equipo de desarrollo (Development Team) se caracteriza por ser multifuncional e interfuncional. La teoría establece explícitamente que dentro del equipo ""no existen especialistas exclusivos, sino más bien individuos generalistas con capacidades especiales"". Además, todos son considerados simplemente ""miembros del equipo"" sin subtítulos ni jerarquías internas. La idea fundamental es que el equipo no dependa de una sola persona; si alguien con una capacidad especial (por ejemplo, el administrador de la base de datos) está ausente, las tareas aún deben poder llevarse a cabo porque ""entre todos debemos poder colaborar"". Por lo tanto, afirmar que un miembro está encasillado en un rol específico y tiene prohibido asumir tareas fuera de su especialidad contradice los principios de auto-organización y trabajo colaborativo (perfil en ""T"") que exige el marco de trabajo Scrum."
Cual de las siguientes afirmaciones son válidas para definir a las metodologías Orientadas a Objetos:,Orientación a Objetos,Las Propiedades del Objeto se representa en sus metodos,Los Objetos se analizan desde lo general a lo particular,Se ven a los sistemas como un conjunto de objetos que colaboran entre si,Los objetos se analizan desde lo particular a lo general,Cualquiera de las clases se puede instanciar,,,,3;4,"La respuesta correcta (la afirmación falsa) es Cada miembro del equipo tiene que tener un rol especifico y no puede asumir tareas que no eten dentro de su area de especializacion. De acuerdo con las fuentes, en Scrum el equipo de desarrollo (Development Team) se caracteriza por ser multifuncional e interfuncional. La teoría establece explícitamente que dentro del equipo ""no existen especialistas exclusivos, sino más bien individuos generalistas con capacidades especiales"". Además, todos son considerados simplemente ""miembros del equipo"" sin subtítulos ni jerarquías internas. La idea fundamental es que el equipo no dependa de una sola persona; si alguien con una capacidad especial (por ejemplo, el administrador de la base de datos) está ausente, las tareas aún deben poder llevarse a cabo porque ""entre todos debemos poder colaborar"". Por lo tanto, afirmar que un miembro está encasillado en un rol específico y tiene prohibido asumir tareas fuera de su especialidad contradice los principios de auto-organización y trabajo colaborativo (perfil en ""T"") que exige el marco de trabajo Scrum."
Cual de las siguientes es una ventaja de utilizar preguntas cerradas en una entrevista:,Técnicas de Recolección de Datos,Ayudan a forjar una relacion cercana entre el entrevistador y el entrevistado,Facilitan la comparacion de varias entrevistas,Hacen mas interesante la entrevista para el entrevistado,Permiten obtener gran cantidad de detalles [ debido a que el entrevistador proporciona el marco de referencia para el entrevistado ],,,,,2,"La respuesta correcta es Facilitan la comparacion de varias entrevistas.
De acuerdo con las fuentes, los beneficios o ventajas principales de utilizar preguntas
cerradas en una entrevista incluyen:
● Ahorro de tiempo.
● Se pueden comparar las entrevistas con facilidad.
● Van directo al grano y se tratan muchos temas rápidamente.
● Se mantiene el control sobre la entrevista.
● Se obtienen datos relevantes.
Las otras opciones listadas corresponden en realidad a ventajas de las preguntas abiertas o
son, de hecho, desventajas de las preguntas cerradas. Por ejemplo, las preguntas cerradas
suelen ser aburridas para el entrevistado (no las hacen más interesantes) y no proporcionan
detalles adicionales justamente porque el entrevistador es quien provee el marco de
referencia. "
Identifique en las siguientes características cuales s las que debe tener un requisito,Ingeniería de Requisitos,Completo,Barato,Necesario,Posible,Ambiguo,Priorizado,,,1;3;4;6,"Correctas verificadas contra el PDF ""Apunte Burplero Final""."
Ingeniería de Requerimientos. Relacione las siguientes afirmaciones con sus correspondientes conceptos.,Ingeniería de Requisitos,Concreto,Negociacion,Necesario,Educcion de requisitos,Requisito Verificable,Verificacion,Ingenieria de Requisitos,Linea Base,1=9;2=10;9=11;4=12;5=13;6=14;7=15;8=16,"Correctas verificadas contra el PDF ""Apunte Burplero Final""."
En modelo de dominio es mas importante identificar las asociaciones que los conceptos,Modelado de Sistemas,Verdadero,Falso,,,,,,,2,"Correctas verificadas contra el PDF ""Apunte Burplero Final""."
Cuál de las siguientes consideraciones NO sería apropiada para caracterizar a un proyecto,Gestión de Proyectos,Se realiza un diseño y luego se fabrica varias veces en base al mismo,Se requieren objetivos especificos a alcanzar o un producto especifico a crear,Existen restricciones sobre los recursos a utilizar en su desarrollo,El trabajo se realiza por varias personas que pueden tener distintas especializaciones,,,,,1,"Correctas verificadas contra el PDF ""Apunte Burplero Final""."
"En las Historias de Usuario, el describir siempre un contexto, un evento y la respuesta o consecuencia esperada se utiliza para:",Metodologías Ágiles,Escribir los Criterios de Aceptacion de la Historia de Usuario,El post-it de la Historia de Usuario que se utiliza como la especificacion de requisitos,La conversacion de la Historia de Usuario que se mantiene con el Scrum Master,"Las descripcion breve, de una funcionalidad del software tal y como la percibe el usuario",,,,,1,"Correctas verificadas contra el PDF ""Apunte Burplero Final""."
Orientación a Objetos. Relacione las siguientes afirmaciones con sus correspondientes conceptos. Un mismo concepto se puede aplicar a varias afirmaciones.,Orientación a Objetos,Encapsulamiento,Atributos,Comportamiento,Polimorfismo,Clase,Cualidad de los objetos de ocultar detalles de implementacion y su estado interno,Se utilizan para representar aquellas caracteristicas propias del objeto y a los objetos con los que debera colaborar a lo largo de su vida,"Indica que sabe hacer el objeto, cuales son sus responsabildiades",1=6;2=7;3=8;4=9;5=10,"Correctas verificadas contra el PDF ""Apunte Burplero Final""."
En Scrum el responsable de priorizar las funcionalidades de acuerdo con su valor para la organización es,Metodologías Ágiles,Cliente,Product Owner,Scrum Master,Team,,,,,2,"Correctas verificadas contra el PDF ""Apunte Burplero Final""."
Proceso Unificado. Relacione las siguiente afirmaciones con sus correspondientes conceptos. Un mismo concepto se puede aplicar a varias afirmaciones. Utilice Ninguno es Válido cuando no encuentre el concepto correspondiente.,Proceso Unificado,Ciclo o Miniproyecto,Arquitecto,Transicion,Analista de Sistema,Captura de Requisitos,Elaboracion,Fase,Ninguno es Valido,1=9;2=10;3=11;4=12;5=13;6=14;7=15;8=16;3=17,"Correctas verificadas contra el PDF ""Apunte Burplero Final""."
"Todo objeto tiene ______. / ______ es el conjunto de mensajes a los cuales un objeto puede responder. / El ______ de un objeto condiciona sus ______ comportamientos. / Al enviarle un ______ a un objeto, este responde activando el ______ asociado.",Orientación a Objetos,1. identidad + estado + comportamiento,2. Protocolo,3. Estado,4. futuros,5. Mensaje,6. Metodo,,,1;2;3;4;5;6,"Correctas verificadas contra el PDF ""Apunte Burplero Final""."